Full Name,Course 1,Course 2,Course 3,Course 4,Course 5,Priority 1,Priority 2,Priority 3,Priority 4,Priority 5
Student1,ComputerScience,Physics,English,Lunch,French,4,3,100000,2,1
Student2,Lunch,French,ComputerScience,English,Physics,4,3,2,100000,1
Student3,Physics,ComputerScience,English,French,Lunch,4,3,100000,2,1
Student4,English,French,ComputerScience,Physics,Lunch,100000,4,3,2,1
Student5,French,ComputerScience,Physics,Lunch,English,4,3,2,1,100000
Student6,English,French,Physics,ComputerScience,Lunch,100000,4,3,2,1
Student7,English,ComputerScience,Physics,French,Lunch,100000,4,3,2,1
Student8,Lunch,French,Physics,English,ComputerScience,4,3,2,100000,1
Student9,English,Lunch,French,Physics,ComputerScience,100000,4,3,2,1
Student10,English,French,ComputerScience,Lunch,Physics,100000,4,3,2,1
Student11,Physics,French,ComputerScience,Lunch,English,4,3,2,1,100000
Student12,Physics,Lunch,English,French,ComputerScience,4,3,100000,2,1
Student13,French,Physics,English,ComputerScience,Lunch,4,3,100000,2,1
Student14,English,Physics,ComputerScience,Lunch,French,100000,4,3,2,1
Student15,Lunch,French,Physics,English,ComputerScience,4,3,2,100000,1
Student16,Lunch,French,Physics,English,ComputerScience,4,3,2,100000,1
Student17,ComputerScience,Physics,French,English,Lunch,4,3,2,100000,1
Student18,ComputerScience,French,Lunch,English,Physics,4,3,2,100000,1
Student19,French,English,Physics,Lunch,ComputerScience,4,100000,3,2,1
Student20,Lunch,French,Physics,English,ComputerScience,4,3,2,100000,1
Student21,Lunch,English,French,ComputerScience,Physics,4,100000,3,2,1
Student22,Lunch,French,Physics,ComputerScience,English,4,3,2,1,100000
Student23,French,Physics,English,ComputerScience,Lunch,4,3,100000,2,1
Student24,Physics,English,Lunch,ComputerScience,French,4,100000,3,2,1
Student25,ComputerScience,English,Lunch,French,Physics,4,100000,3,2,1
Student26,French,Physics,ComputerScience,English,Lunch,4,3,2,100000,1
Student27,English,Physics,Lunch,ComputerScience,French,100000,4,3,2,1
Student28,Physics,English,ComputerScience,French,Lunch,4,100000,3,2,1
Student29,ComputerScience,Physics,English,French,Lunch,4,3,100000,2,1
Student30,French,Lunch,ComputerScience,English,Physics,4,3,2,100000,1
Student31,ComputerScience,Lunch,Physics,French,English,4,3,2,1,100000
Student32,ComputerScience,Lunch,English,French,Physics,4,3,100000,2,1
Student33,Lunch,Physics,French,ComputerScience,English,4,3,2,1,100000
Student34,Physics,ComputerScience,Lunch,French,English,4,3,2,1,100000
Student35,Physics,Lunch,ComputerScience,English,French,4,3,2,100000,1
Student36,Lunch,Physics,French,English,ComputerScience,4,3,2,100000,1
Student37,Physics,French,Lunch,ComputerScience,English,4,3,2,1,100000
Student38,French,ComputerScience,Lunch,English,Physics,4,3,2,100000,1
Student39,Physics,English,ComputerScience,French,Lunch,4,100000,3,2,1
Student40,English,Physics,French,Lunch,ComputerScience,100000,4,3,2,1
Student41,English,Physics,ComputerScience,Lunch,French,100000,4,3,2,1
Student42,ComputerScience,Lunch,French,Physics,English,4,3,2,1,100000
Student43,French,Physics,English,ComputerScience,Lunch,4,3,100000,2,1
Student44,Lunch,French,Physics,English,ComputerScience,4,3,2,100000,1
Student45,French,ComputerScience,Lunch,Physics,English,4,3,2,1,100000
Student46,Physics,ComputerScience,French,English,Lunch,4,3,2,100000,1
Student47,French,English,ComputerScience,Physics,Lunch,4,100000,3,2,1
Student48,ComputerScience,Lunch,English,Physics,French,4,3,100000,2,1
Student49,Lunch,English,French,Physics,ComputerScience,4,100000,3,2,1
Student50,Lunch,French,Physics,ComputerScience,English,4,3,2,1,100000
Student51,English,French,Physics,ComputerScience,Lunch,100000,4,3,2,1
Student52,French,Lunch,Physics,ComputerScience,English,4,3,2,1,100000
Student53,Lunch,Physics,French,ComputerScience,English,4,3,2,1,100000
Student54,Lunch,Physics,ComputerScience,French,English,4,3,2,1,100000
Student55,Physics,Lunch,English,ComputerScience,French,4,3,100000,2,1
Student56,French,Physics,Lunch,English,ComputerScience,4,3,2,100000,1
Student57,Physics,French,English,Lunch,ComputerScience,4,3,100000,2,1
Student58,Lunch,ComputerScience,French,English,Physics,4,3,2,100000,1
Student59,French,ComputerScience,Physics,English,Lunch,4,3,2,100000,1
Student60,Physics,English,French,ComputerScience,Lunch,4,100000,3,2,1
Student61,Physics,Lunch,French,ComputerScience,English,4,3,2,1,100000
Student62,English,ComputerScience,Physics,Lunch,French,100000,4,3,2,1
Student63,Physics,Lunch,English,ComputerScience,French,4,3,100000,2,1
Student64,Lunch,ComputerScience,English,French,Physics,4,3,100000,2,1
Student65,Physics,French,ComputerScience,English,Lunch,4,3,2,100000,1
Student66,Lunch,French,ComputerScience,English,Physics,4,3,2,100000,1
Student67,Lunch,French,ComputerScience,English,Physics,4,3,2,100000,1
Student68,French,ComputerScience,English,Lunch,Physics,4,3,100000,2,1
Student69,Lunch,French,English,Physics,ComputerScience,4,3,100000,2,1
Student70,English,Lunch,Physics,French,ComputerScience,100000,4,3,2,1
Student71,Physics,French,Lunch,ComputerScience,English,4,3,2,1,100000
Student72,ComputerScience,Physics,French,English,Lunch,4,3,2,100000,1
Student73,ComputerScience,English,French,Physics,Lunch,4,100000,3,2,1
Student74,Lunch,ComputerScience,French,Physics,English,4,3,2,1,100000
Student75,English,Physics,ComputerScience,Lunch,French,100000,4,3,2,1
Student76,English,French,ComputerScience,Physics,Lunch,100000,4,3,2,1
Student77,English,ComputerScience,Lunch,French,Physics,100000,4,3,2,1
Student78,Physics,French,Lunch,ComputerScience,English,4,3,2,1,100000
Student79,English,French,Physics,ComputerScience,Lunch,100000,4,3,2,1
Student80,ComputerScience,Physics,English,French,Lunch,4,3,100000,2,1
Student81,Lunch,English,French,Physics,ComputerScience,4,100000,3,2,1
Student82,English,Lunch,Physics,French,ComputerScience,100000,4,3,2,1
Student83,English,Physics,ComputerScience,French,Lunch,100000,4,3,2,1
Student84,Physics,Lunch,ComputerScience,English,French,4,3,2,100000,1
Student85,Physics,Lunch,French,English,ComputerScience,4,3,2,100000,1
Student86,ComputerScience,French,Physics,English,Lunch,4,3,2,100000,1
Student87,Lunch,French,ComputerScience,English,Physics,4,3,2,100000,1
Student88,Physics,French,ComputerScience,English,Lunch,4,3,2,100000,1
Student89,English,Physics,Lunch,French,ComputerScience,100000,4,3,2,1
Student90,ComputerScience,Physics,French,Lunch,English,4,3,2,1,100000
Student91,Physics,Lunch,English,French,ComputerScience,4,3,100000,2,1
Student92,French,English,Physics,ComputerScience,Lunch,4,100000,3,2,1
Student93,ComputerScience,Physics,English,Lunch,French,4,3,100000,2,1
Student94,Lunch,French,Physics,English,ComputerScience,4,3,2,100000,1
Student95,Physics,French,Lunch,English,ComputerScience,4,3,2,100000,1
Student96,French,Physics,ComputerScience,Lunch,English,4,3,2,1,100000
Student97,English,ComputerScience,Physics,French,Lunch,100000,4,3,2,1
Student98,ComputerScience,Physics,Lunch,English,French,4,3,2,100000,1
Student99,ComputerScience,French,English,Physics,Lunch,4,3,100000,2,1
Student100,Lunch,English,Physics,French,ComputerScience,4,100000,3,2,1
Student101,ComputerScience,English,French,Physics,Lunch,4,100000,3,2,1
Student102,Physics,English,ComputerScience,Lunch,French,4,100000,3,2,1
Student103,French,Physics,English,ComputerScience,Lunch,4,3,100000,2,1
Student104,Lunch,ComputerScience,Physics,English,French,4,3,2,100000,1
Student105,English,Physics,Lunch,ComputerScience,French,100000,4,3,2,1
Student106,ComputerScience,Physics,Lunch,French,English,4,3,2,1,100000
Student107,Lunch,French,English,ComputerScience,Physics,4,3,100000,2,1
Student108,Lunch,French,English,Physics,ComputerScience,4,3,100000,2,1
Student109,French,Physics,English,Lunch,ComputerScience,4,3,100000,2,1
Student110,Physics,ComputerScience,English,French,Lunch,4,3,100000,2,1
Student111,Physics,French,Lunch,English,ComputerScience,4,3,2,100000,1
Student112,Lunch,English,French,Physics,ComputerScience,4,100000,3,2,1
Student113,Lunch,Physics,ComputerScience,French,English,4,3,2,1,100000
Student114,ComputerScience,French,English,Lunch,Physics,4,3,100000,2,1
Student115,Lunch,ComputerScience,English,Physics,French,4,3,100000,2,1
Student116,Lunch,ComputerScience,English,French,Physics,4,3,100000,2,1
Student117,Physics,ComputerScience,French,Lunch,English,4,3,2,1,100000
Student118,French,Physics,ComputerScience,English,Lunch,4,3,2,100000,1
Student119,English,French,Physics,Lunch,ComputerScience,100000,4,3,2,1
Student120,Lunch,English,Physics,ComputerScience,French,4,100000,3,2,1
Student121,Physics,English,Lunch,French,ComputerScience,4,100000,3,2,1
Student122,ComputerScience,Lunch,French,English,Physics,4,3,2,100000,1
Student123,ComputerScience,Lunch,French,English,Physics,4,3,2,100000,1
Student124,French,ComputerScience,Lunch,Physics,English,4,3,2,1,100000
Student125,Lunch,English,ComputerScience,Physics,French,4,100000,3,2,1
Student126,French,English,ComputerScience,Lunch,Physics,4,100000,3,2,1
Student127,Lunch,ComputerScience,Physics,English,French,4,3,2,100000,1
Student128,ComputerScience,English,Lunch,Physics,French,4,100000,3,2,1
Student129,English,Physics,French,Lunch,ComputerScience,100000,4,3,2,1
Student130,ComputerScience,English,French,Physics,Lunch,4,100000,3,2,1
Student131,French,Lunch,ComputerScience,Physics,English,4,3,2,1,100000
Student132,Physics,Lunch,ComputerScience,English,French,4,3,2,100000,1
Student133,English,Lunch,ComputerScience,French,Physics,100000,4,3,2,1
Student134,Physics,French,English,ComputerScience,Lunch,4,3,100000,2,1
Student135,French,English,ComputerScience,Lunch,Physics,4,100000,3,2,1
Student136,French,ComputerScience,Lunch,Physics,English,4,3,2,1,100000
Student137,Lunch,English,ComputerScience,French,Physics,4,100000,3,2,1
Student138,ComputerScience,English,Physics,French,Lunch,4,100000,3,2,1
Student139,ComputerScience,Physics,English,Lunch,French,4,3,100000,2,1
Student140,English,ComputerScience,French,Lunch,Physics,100000,4,3,2,1
Student141,Physics,ComputerScience,French,English,Lunch,4,3,2,100000,1
Student142,ComputerScience,English,Physics,Lunch,French,4,100000,3,2,1
Student143,ComputerScience,Physics,Lunch,English,French,4,3,2,100000,1
Student144,ComputerScience,Lunch,French,English,Physics,4,3,2,100000,1
Student145,Lunch,Physics,ComputerScience,French,English,4,3,2,1,100000
Student146,French,Lunch,ComputerScience,English,Physics,4,3,2,100000,1
Student147,English,Physics,French,ComputerScience,Lunch,100000,4,3,2,1
Student148,English,Physics,French,Lunch,ComputerScience,100000,4,3,2,1
Student149,ComputerScience,French,Physics,Lunch,English,4,3,2,1,100000
Student150,French,ComputerScience,Lunch,English,Physics,4,3,2,100000,1
Student151,English,ComputerScience,Lunch,French,Physics,100000,4,3,2,1
Student152,English,Lunch,French,ComputerScience,Physics,100000,4,3,2,1
Student153,Lunch,English,French,Physics,ComputerScience,4,100000,3,2,1
Student154,Physics,ComputerScience,Lunch,English,French,4,3,2,100000,1
Student155,Physics,Lunch,ComputerScience,English,French,4,3,2,100000,1
Student156,ComputerScience,Lunch,French,Physics,English,4,3,2,1,100000
Student157,Physics,French,ComputerScience,English,Lunch,4,3,2,100000,1
Student158,English,ComputerScience,French,Lunch,Physics,100000,4,3,2,1
Student159,Lunch,English,ComputerScience,French,Physics,4,100000,3,2,1
Student160,ComputerScience,English,Physics,Lunch,French,4,100000,3,2,1
Student161,French,Lunch,English,Physics,ComputerScience,4,3,100000,2,1
Student162,Physics,ComputerScience,Lunch,French,English,4,3,2,1,100000
Student163,ComputerScience,Physics,French,English,Lunch,4,3,2,100000,1
Student164,English,Physics,ComputerScience,French,Lunch,100000,4,3,2,1
Student165,Lunch,English,ComputerScience,French,Physics,4,100000,3,2,1
Student166,ComputerScience,Lunch,French,Physics,English,4,3,2,1,100000
Student167,ComputerScience,Lunch,French,English,Physics,4,3,2,100000,1
Student168,Physics,French,ComputerScience,English,Lunch,4,3,2,100000,1
Student169,English,French,ComputerScience,Physics,Lunch,100000,4,3,2,1
Student170,French,Lunch,ComputerScience,Physics,English,4,3,2,1,100000
Student171,ComputerScience,French,Physics,Lunch,English,4,3,2,1,100000
Student172,Physics,French,Lunch,English,ComputerScience,4,3,2,100000,1
Student173,Physics,French,Lunch,ComputerScience,English,4,3,2,1,100000
Student174,ComputerScience,Physics,French,Lunch,English,4,3,2,1,100000
Student175,Physics,French,English,Lunch,ComputerScience,4,3,100000,2,1
Student176,French,ComputerScience,Lunch,English,Physics,4,3,2,100000,1
Student177,French,English,Physics,Lunch,ComputerScience,4,100000,3,2,1
Student178,English,ComputerScience,Physics,French,Lunch,100000,4,3,2,1
Student179,Physics,Lunch,English,ComputerScience,French,4,3,100000,2,1
Student180,English,French,Lunch,Physics,ComputerScience,100000,4,3,2,1
Student181,ComputerScience,English,Lunch,Physics,French,4,100000,3,2,1
Student182,French,ComputerScience,Lunch,English,Physics,4,3,2,100000,1
Student183,ComputerScience,Physics,French,English,Lunch,4,3,2,100000,1
Student184,ComputerScience,Lunch,English,French,Physics,4,3,100000,2,1
Student185,English,French,Physics,ComputerScience,Lunch,100000,4,3,2,1
Student186,ComputerScience,Lunch,French,English,Physics,4,3,2,100000,1
Student187,English,Physics,ComputerScience,Lunch,French,100000,4,3,2,1
Student188,Lunch,Physics,English,French,ComputerScience,4,3,100000,2,1
Student189,French,ComputerScience,English,Physics,Lunch,4,3,100000,2,1
Student190,French,ComputerScience,Physics,English,Lunch,4,3,2,100000,1
Student191,ComputerScience,English,Lunch,French,Physics,4,100000,3,2,1
Student192,French,English,ComputerScience,Lunch,Physics,4,100000,3,2,1
Student193,ComputerScience,English,Lunch,Physics,French,4,100000,3,2,1
Student194,French,Lunch,Physics,English,ComputerScience,4,3,2,100000,1
Student195,English,French,ComputerScience,Physics,Lunch,100000,4,3,2,1
Student196,French,English,ComputerScience,Physics,Lunch,4,100000,3,2,1
Student197,Lunch,French,English,ComputerScience,Physics,4,3,100000,2,1
Student198,Lunch,Physics,English,ComputerScience,French,4,3,100000,2,1
Student199,ComputerScience,Physics,Lunch,English,French,4,3,2,100000,1
Student200,French,Physics,Lunch,ComputerScience,English,4,3,2,1,100000
Student201,ComputerScience,French,Physics,English,Lunch,4,3,2,100000,1
Student202,French,Physics,Lunch,English,ComputerScience,4,3,2,100000,1
Student203,Lunch,Physics,ComputerScience,English,French,4,3,2,100000,1
Student204,Lunch,French,Physics,English,ComputerScience,4,3,2,100000,1
Student205,ComputerScience,French,Lunch,Physics,English,4,3,2,1,100000
Student206,Lunch,ComputerScience,English,Physics,French,4,3,100000,2,1
Student207,ComputerScience,Lunch,English,French,Physics,4,3,100000,2,1
Student208,Lunch,ComputerScience,Physics,English,French,4,3,2,100000,1
Student209,French,English,Lunch,ComputerScience,Physics,4,100000,3,2,1
Student210,English,Lunch,ComputerScience,French,Physics,100000,4,3,2,1
Student211,Physics,French,Lunch,ComputerScience,English,4,3,2,1,100000
Student212,ComputerScience,French,Physics,English,Lunch,4,3,2,100000,1
Student213,ComputerScience,Lunch,Physics,English,French,4,3,2,100000,1
Student214,French,ComputerScience,Lunch,English,Physics,4,3,2,100000,1
Student215,Physics,Lunch,ComputerScience,French,English,4,3,2,1,100000
Student216,English,French,Physics,ComputerScience,Lunch,100000,4,3,2,1
Student217,English,ComputerScience,French,Lunch,Physics,100000,4,3,2,1
Student218,French,ComputerScience,English,Lunch,Physics,4,3,100000,2,1
Student219,Lunch,English,Physics,French,ComputerScience,4,100000,3,2,1
Student220,Physics,ComputerScience,Lunch,English,French,4,3,2,100000,1
Student221,Lunch,Physics,ComputerScience,English,French,4,3,2,100000,1
Student222,English,Lunch,French,Physics,ComputerScience,100000,4,3,2,1
Student223,Lunch,English,Physics,French,ComputerScience,4,100000,3,2,1
Student224,English,French,Physics,ComputerScience,Lunch,100000,4,3,2,1
Student225,Physics,ComputerScience,Lunch,English,French,4,3,2,100000,1
Student226,English,Physics,ComputerScience,French,Lunch,100000,4,3,2,1
Student227,Physics,Lunch,ComputerScience,French,English,4,3,2,1,100000
Student228,Lunch,Physics,French,ComputerScience,English,4,3,2,1,100000
Student229,French,English,ComputerScience,Physics,Lunch,4,100000,3,2,1
Student230,English,Lunch,Physics,French,ComputerScience,100000,4,3,2,1
Student231,English,French,ComputerScience,Physics,Lunch,100000,4,3,2,1
Student232,ComputerScience,French,Lunch,English,Physics,4,3,2,100000,1
Student233,English,Physics,ComputerScience,Lunch,French,100000,4,3,2,1
Student234,English,Lunch,Physics,ComputerScience,French,100000,4,3,2,1
Student235,English,French,ComputerScience,Lunch,Physics,100000,4,3,2,1
Student236,Physics,English,ComputerScience,French,Lunch,4,100000,3,2,1
Student237,Physics,French,ComputerScience,English,Lunch,4,3,2,100000,1
Student238,Physics,French,English,Lunch,ComputerScience,4,3,100000,2,1
Student239,Lunch,French,ComputerScience,Physics,English,4,3,2,1,100000
Student240,English,ComputerScience,Physics,French,Lunch,100000,4,3,2,1
Student241,French,Lunch,Physics,ComputerScience,English,4,3,2,1,100000
Student242,Physics,ComputerScience,French,Lunch,English,4,3,2,1,100000
Student243,Physics,English,French,Lunch,ComputerScience,4,100000,3,2,1
Student244,French,Physics,ComputerScience,English,Lunch,4,3,2,100000,1
Student245,Lunch,Physics,French,ComputerScience,English,4,3,2,1,100000
Student246,Lunch,French,ComputerScience,Physics,English,4,3,2,1,100000
Student247,Physics,ComputerScience,Lunch,English,French,4,3,2,100000,1
Student248,Physics,ComputerScience,French,Lunch,English,4,3,2,1,100000
Student249,French,Physics,Lunch,ComputerScience,English,4,3,2,1,100000
Student250,Lunch,ComputerScience,Physics,English,French,4,3,2,100000,1
Student251,Physics,French,Lunch,English,ComputerScience,4,3,2,100000,1
Student252,Lunch,French,Physics,ComputerScience,English,4,3,2,1,100000
Student253,English,French,ComputerScience,Lunch,Physics,100000,4,3,2,1
Student254,Lunch,English,ComputerScience,Physics,French,4,100000,3,2,1
Student255,ComputerScience,English,French,Physics,Lunch,4,100000,3,2,1
Student256,Lunch,French,Physics,ComputerScience,English,4,3,2,1,100000
Student257,ComputerScience,English,Lunch,French,Physics,4,100000,3,2,1
Student258,English,Physics,French,Lunch,ComputerScience,100000,4,3,2,1
Student259,Lunch,English,ComputerScience,Physics,French,4,100000,3,2,1
Student260,French,Physics,English,Lunch,ComputerScience,4,3,100000,2,1
Student261,Physics,English,Lunch,French,ComputerScience,4,100000,3,2,1
Student262,ComputerScience,Physics,Lunch,French,English,4,3,2,1,100000
Student263,Physics,English,ComputerScience,Lunch,French,4,100000,3,2,1
Student264,ComputerScience,Physics,Lunch,English,French,4,3,2,100000,1
Student265,French,Physics,ComputerScience,Lunch,English,4,3,2,1,100000
Student266,Lunch,ComputerScience,Physics,French,English,4,3,2,1,100000
Student267,English,French,Physics,Lunch,ComputerScience,100000,4,3,2,1
Student268,ComputerScience,Lunch,French,Physics,English,4,3,2,1,100000
Student269,English,Lunch,French,Physics,ComputerScience,100000,4,3,2,1
Student270,Lunch,French,Physics,ComputerScience,English,4,3,2,1,100000
Student271,Lunch,ComputerScience,Physics,French,English,4,3,2,1,100000
Student272,Physics,ComputerScience,Lunch,English,French,4,3,2,100000,1
Student273,Physics,French,English,ComputerScience,Lunch,4,3,100000,2,1
Student274,Lunch,English,ComputerScience,French,Physics,4,100000,3,2,1
Student275,ComputerScience,French,English,Physics,Lunch,4,3,100000,2,1
Student276,Physics,Lunch,English,French,ComputerScience,4,3,100000,2,1
Student277,French,ComputerScience,English,Physics,Lunch,4,3,100000,2,1
Student278,ComputerScience,Lunch,Physics,French,English,4,3,2,1,100000
Student279,French,ComputerScience,English,Lunch,Physics,4,3,100000,2,1
Student280,Physics,English,Lunch,ComputerScience,French,4,100000,3,2,1
Student281,French,Physics,English,ComputerScience,Lunch,4,3,100000,2,1
Student282,ComputerScience,French,Physics,Lunch,English,4,3,2,1,100000
Student283,English,French,Lunch,Physics,ComputerScience,100000,4,3,2,1
Student284,English,French,ComputerScience,Lunch,Physics,100000,4,3,2,1
Student285,French,Lunch,Physics,English,ComputerScience,4,3,2,100000,1
Student286,ComputerScience,Lunch,Physics,French,English,4,3,2,1,100000
Student287,English,ComputerScience,Lunch,French,Physics,100000,4,3,2,1
Student288,English,Lunch,ComputerScience,French,Physics,100000,4,3,2,1
Student289,English,ComputerScience,Physics,French,Lunch,100000,4,3,2,1
Student290,Lunch,Physics,English,French,ComputerScience,4,3,100000,2,1
Student291,Lunch,English,ComputerScience,Physics,French,4,100000,3,2,1
Student292,French,English,Physics,Lunch,ComputerScience,4,100000,3,2,1
Student293,Lunch,ComputerScience,French,English,Physics,4,3,2,100000,1
Student294,Lunch,French,Physics,English,ComputerScience,4,3,2,100000,1
Student295,French,Lunch,English,Physics,ComputerScience,4,3,100000,2,1
Student296,Lunch,French,English,ComputerScience,Physics,4,3,100000,2,1
Student297,Lunch,English,ComputerScience,French,Physics,4,100000,3,2,1
Student298,English,Physics,French,ComputerScience,Lunch,100000,4,3,2,1
Student299,English,French,ComputerScience,Physics,Lunch,100000,4,3,2,1
Student300,English,Lunch,Physics,French,ComputerScience,100000,4,3,2,1
Student301,English,Physics,ComputerScience,French,Lunch,100000,4,3,2,1
Student302,Physics,Lunch,ComputerScience,English,French,4,3,2,100000,1
Student303,Physics,French,ComputerScience,English,Lunch,4,3,2,100000,1
Student304,Lunch,French,English,Physics,ComputerScience,4,3,100000,2,1
Student305,ComputerScience,French,Physics,English,Lunch,4,3,2,100000,1
Student306,French,Physics,ComputerScience,English,Lunch,4,3,2,100000,1
Student307,English,Physics,ComputerScience,Lunch,French,100000,4,3,2,1
Student308,Lunch,ComputerScience,Physics,French,English,4,3,2,1,100000
Student309,ComputerScience,English,Physics,Lunch,French,4,100000,3,2,1
Student310,ComputerScience,English,Lunch,Physics,French,4,100000,3,2,1
Student311,Physics,French,English,Lunch,ComputerScience,4,3,100000,2,1
Student312,English,ComputerScience,Lunch,Physics,French,100000,4,3,2,1
Student313,French,Physics,English,ComputerScience,Lunch,4,3,100000,2,1
Student314,French,English,Physics,ComputerScience,Lunch,4,100000,3,2,1
Student315,French,Lunch,English,ComputerScience,Physics,4,3,100000,2,1
Student316,French,Physics,English,Lunch,ComputerScience,4,3,100000,2,1
Student317,English,Lunch,French,ComputerScience,Physics,100000,4,3,2,1
Student318,French,Physics,ComputerScience,Lunch,English,4,3,2,1,100000
Student319,Lunch,ComputerScience,Physics,French,English,4,3,2,1,100000
Student320,French,English,ComputerScience,Physics,Lunch,4,100000,3,2,1
Student321,Physics,French,Lunch,ComputerScience,English,4,3,2,1,100000
Student322,Physics,ComputerScience,French,Lunch,English,4,3,2,1,100000
Student323,ComputerScience,English,Lunch,Physics,French,4,100000,3,2,1
Student324,Physics,French,English,ComputerScience,Lunch,4,3,100000,2,1
Student325,English,ComputerScience,French,Physics,Lunch,100000,4,3,2,1
Student326,English,ComputerScience,Physics,Lunch,French,100000,4,3,2,1
Student327,Lunch,English,Physics,French,ComputerScience,4,100000,3,2,1
Student328,English,French,Lunch,ComputerScience,Physics,100000,4,3,2,1
Student329,English,ComputerScience,French,Physics,Lunch,100000,4,3,2,1
Student330,Physics,Lunch,French,English,ComputerScience,4,3,2,100000,1
Student331,ComputerScience,French,English,Lunch,Physics,4,3,100000,2,1
Student332,French,English,Physics,ComputerScience,Lunch,4,100000,3,2,1
Student333,French,Lunch,English,ComputerScience,Physics,4,3,100000,2,1
Student334,English,Lunch,French,Physics,ComputerScience,100000,4,3,2,1
Student335,ComputerScience,English,Physics,French,Lunch,4,100000,3,2,1
Student336,Lunch,French,English,ComputerScience,Physics,4,3,100000,2,1
Student337,English,Physics,Lunch,ComputerScience,French,100000,4,3,2,1
Student338,Lunch,English,ComputerScience,Physics,French,4,100000,3,2,1
Student339,English,Lunch,French,Physics,ComputerScience,100000,4,3,2,1
Student340,Physics,Lunch,English,French,ComputerScience,4,3,100000,2,1
Student341,ComputerScience,English,French,Lunch,Physics,4,100000,3,2,1
Student342,ComputerScience,Physics,English,Lunch,French,4,3,100000,2,1
Student343,French,Physics,Lunch,English,ComputerScience,4,3,2,100000,1
Student344,Lunch,Physics,French,ComputerScience,English,4,3,2,1,100000
Student345,ComputerScience,Physics,Lunch,French,English,4,3,2,1,100000
Student346,French,ComputerScience,Physics,English,Lunch,4,3,2,100000,1
Student347,French,Physics,Lunch,ComputerScience,English,4,3,2,1,100000
Student348,French,ComputerScience,English,Lunch,Physics,4,3,100000,2,1
Student349,ComputerScience,French,Lunch,English,Physics,4,3,2,100000,1
Student350,Physics,English,French,ComputerScience,Lunch,4,100000,3,2,1
Student351,English,Lunch,ComputerScience,Physics,French,100000,4,3,2,1
Student352,English,Lunch,ComputerScience,Physics,French,100000,4,3,2,1
Student353,Lunch,Physics,English,ComputerScience,French,4,3,100000,2,1
Student354,English,Lunch,French,ComputerScience,Physics,100000,4,3,2,1
Student355,Physics,ComputerScience,Lunch,English,French,4,3,2,100000,1
Student356,Physics,ComputerScience,French,English,Lunch,4,3,2,100000,1
Student357,Lunch,English,French,Physics,ComputerScience,4,100000,3,2,1
Student358,French,ComputerScience,English,Physics,Lunch,4,3,100000,2,1
Student359,ComputerScience,French,Physics,Lunch,English,4,3,2,1,100000
Student360,Physics,ComputerScience,French,Lunch,English,4,3,2,1,100000
Student361,Lunch,Physics,English,ComputerScience,French,4,3,100000,2,1
Student362,French,Physics,English,Lunch,ComputerScience,4,3,100000,2,1
Student363,ComputerScience,English,French,Lunch,Physics,4,100000,3,2,1
Student364,ComputerScience,Lunch,Physics,English,French,4,3,2,100000,1
Student365,French,English,Physics,Lunch,ComputerScience,4,100000,3,2,1
Student366,French,Lunch,English,ComputerScience,Physics,4,3,100000,2,1
Student367,ComputerScience,Physics,French,English,Lunch,4,3,2,100000,1
Student368,ComputerScience,Lunch,English,French,Physics,4,3,100000,2,1
Student369,Lunch,French,ComputerScience,English,Physics,4,3,2,100000,1
Student370,Lunch,ComputerScience,English,Physics,French,4,3,100000,2,1
Student371,French,ComputerScience,English,Physics,Lunch,4,3,100000,2,1
Student372,English,Physics,ComputerScience,French,Lunch,100000,4,3,2,1
Student373,Lunch,ComputerScience,English,French,Physics,4,3,100000,2,1
Student374,ComputerScience,French,Physics,Lunch,English,4,3,2,1,100000
Student375,ComputerScience,Physics,French,Lunch,English,4,3,2,1,100000
Student376,Lunch,English,Physics,French,ComputerScience,4,100000,3,2,1
Student377,Physics,French,ComputerScience,Lunch,English,4,3,2,1,100000
Student378,Physics,Lunch,ComputerScience,French,English,4,3,2,1,100000
Student379,French,English,ComputerScience,Lunch,Physics,4,100000,3,2,1
Student380,English,ComputerScience,Lunch,French,Physics,100000,4,3,2,1
Student381,English,French,Physics,Lunch,ComputerScience,100000,4,3,2,1
Student382,Lunch,ComputerScience,Physics,French,English,4,3,2,1,100000
Student383,Lunch,ComputerScience,English,French,Physics,4,3,100000,2,1
Student384,French,Physics,ComputerScience,English,Lunch,4,3,2,100000,1
Student385,ComputerScience,English,Physics,French,Lunch,4,100000,3,2,1
Student386,Physics,ComputerScience,Lunch,English,French,4,3,2,100000,1
Student387,English,French,Lunch,ComputerScience,Physics,100000,4,3,2,1
Student388,Lunch,English,Physics,French,ComputerScience,4,100000,3,2,1
Student389,Lunch,French,English,ComputerScience,Physics,4,3,100000,2,1
Student390,ComputerScience,French,English,Physics,Lunch,4,3,100000,2,1
Student391,French,ComputerScience,English,Lunch,Physics,4,3,100000,2,1
Student392,Physics,French,Lunch,English,ComputerScience,4,3,2,100000,1
Student393,English,French,Lunch,Physics,ComputerScience,100000,4,3,2,1
Student394,French,ComputerScience,English,Lunch,Physics,4,3,100000,2,1
Student395,English,ComputerScience,Physics,French,Lunch,100000,4,3,2,1
Student396,Physics,ComputerScience,French,Lunch,English,4,3,2,1,100000
Student397,English,ComputerScience,Physics,French,Lunch,100000,4,3,2,1
Student398,English,Lunch,ComputerScience,French,Physics,100000,4,3,2,1
Student399,English,Physics,French,ComputerScience,Lunch,100000,4,3,2,1
Student400,ComputerScience,Physics,French,English,Lunch,4,3,2,100000,1
Student401,ComputerScience,French,English,Physics,Lunch,4,3,100000,2,1
Student402,Lunch,English,ComputerScience,Physics,French,4,100000,3,2,1
Student403,Physics,English,Lunch,French,ComputerScience,4,100000,3,2,1
Student404,Physics,ComputerScience,Lunch,French,English,4,3,2,1,100000
Student405,French,English,ComputerScience,Physics,Lunch,4,100000,3,2,1
Student406,French,Lunch,Physics,ComputerScience,English,4,3,2,1,100000
Student407,French,English,Lunch,Physics,ComputerScience,4,100000,3,2,1
Student408,Physics,ComputerScience,French,English,Lunch,4,3,2,100000,1
Student409,French,ComputerScience,Lunch,English,Physics,4,3,2,100000,1
Student410,Physics,Lunch,French,ComputerScience,English,4,3,2,1,100000
Student411,ComputerScience,French,English,Lunch,Physics,4,3,100000,2,1
Student412,French,Physics,Lunch,ComputerScience,English,4,3,2,1,100000
Student413,Physics,French,ComputerScience,English,Lunch,4,3,2,100000,1
Student414,Physics,French,ComputerScience,Lunch,English,4,3,2,1,100000
Student415,Lunch,French,Physics,English,ComputerScience,4,3,2,100000,1
Student416,Lunch,French,ComputerScience,English,Physics,4,3,2,100000,1
Student417,Physics,ComputerScience,English,French,Lunch,4,3,100000,2,1
Student418,ComputerScience,French,English,Lunch,Physics,4,3,100000,2,1
Student419,ComputerScience,French,Physics,Lunch,English,4,3,2,1,100000
Student420,Lunch,Physics,English,French,ComputerScience,4,3,100000,2,1
Student421,English,Physics,Lunch,French,ComputerScience,100000,4,3,2,1
Student422,Lunch,French,Physics,ComputerScience,English,4,3,2,1,100000
Student423,ComputerScience,English,Lunch,French,Physics,4,100000,3,2,1
Student424,French,English,Physics,Lunch,ComputerScience,4,100000,3,2,1
Student425,French,English,Lunch,ComputerScience,Physics,4,100000,3,2,1
Student426,ComputerScience,English,Physics,French,Lunch,4,100000,3,2,1
Student427,French,English,ComputerScience,Lunch,Physics,4,100000,3,2,1
Student428,Lunch,ComputerScience,French,Physics,English,4,3,2,1,100000
Student429,Lunch,French,English,ComputerScience,Physics,4,3,100000,2,1
Student430,French,ComputerScience,English,Lunch,Physics,4,3,100000,2,1
Student431,Lunch,ComputerScience,French,Physics,English,4,3,2,1,100000
Student432,Physics,Lunch,French,ComputerScience,English,4,3,2,1,100000
Student433,Lunch,ComputerScience,French,English,Physics,4,3,2,100000,1
Student434,French,English,Lunch,ComputerScience,Physics,4,100000,3,2,1
Student435,Lunch,French,Physics,English,ComputerScience,4,3,2,100000,1
Student436,Physics,Lunch,ComputerScience,English,French,4,3,2,100000,1
Student437,French,Lunch,English,Physics,ComputerScience,4,3,100000,2,1
Student438,French,ComputerScience,Physics,English,Lunch,4,3,2,100000,1
Student439,ComputerScience,Physics,English,French,Lunch,4,3,100000,2,1
Student440,French,Lunch,ComputerScience,English,Physics,4,3,2,100000,1
Student441,Physics,ComputerScience,Lunch,English,French,4,3,2,100000,1
Student442,English,Lunch,Physics,French,ComputerScience,100000,4,3,2,1
Student443,French,ComputerScience,Physics,English,Lunch,4,3,2,100000,1
Student444,English,Lunch,French,ComputerScience,Physics,100000,4,3,2,1
Student445,English,ComputerScience,Physics,Lunch,French,100000,4,3,2,1
Student446,Lunch,ComputerScience,French,English,Physics,4,3,2,100000,1
Student447,French,ComputerScience,Lunch,Physics,English,4,3,2,1,100000
Student448,French,Physics,English,Lunch,ComputerScience,4,3,100000,2,1
Student449,Physics,French,Lunch,ComputerScience,English,4,3,2,1,100000
Student450,Lunch,French,ComputerScience,Physics,English,4,3,2,1,100000
Student451,English,Physics,ComputerScience,French,Lunch,100000,4,3,2,1
Student452,English,Lunch,ComputerScience,Physics,French,100000,4,3,2,1
Student453,French,Physics,English,Lunch,ComputerScience,4,3,100000,2,1
Student454,English,French,Physics,ComputerScience,Lunch,100000,4,3,2,1
Student455,Physics,English,ComputerScience,Lunch,French,4,100000,3,2,1
Student456,French,ComputerScience,Lunch,English,Physics,4,3,2,100000,1
Student457,Physics,French,ComputerScience,Lunch,English,4,3,2,1,100000
Student458,Lunch,Physics,English,ComputerScience,French,4,3,100000,2,1
Student459,Physics,English,French,ComputerScience,Lunch,4,100000,3,2,1
Student460,ComputerScience,French,Physics,Lunch,English,4,3,2,1,100000
Student461,English,Physics,French,Lunch,ComputerScience,100000,4,3,2,1
Student462,Lunch,French,ComputerScience,Physics,English,4,3,2,1,100000
Student463,Physics,ComputerScience,French,English,Lunch,4,3,2,100000,1
Student464,ComputerScience,Lunch,Physics,English,French,4,3,2,100000,1
Student465,Lunch,English,ComputerScience,French,Physics,4,100000,3,2,1
Student466,Lunch,ComputerScience,Physics,English,French,4,3,2,100000,1
Student467,French,Physics,Lunch,ComputerScience,English,4,3,2,1,100000
Student468,Physics,English,French,Lunch,ComputerScience,4,100000,3,2,1
Student469,English,ComputerScience,Lunch,Physics,French,100000,4,3,2,1
Student470,Lunch,English,ComputerScience,Physics,French,4,100000,3,2,1
Student471,ComputerScience,French,Lunch,English,Physics,4,3,2,100000,1
Student472,Physics,ComputerScience,English,Lunch,French,4,3,100000,2,1
Student473,English,French,Physics,Lunch,ComputerScience,100000,4,3,2,1
Student474,French,ComputerScience,Physics,Lunch,English,4,3,2,1,100000
Student475,Physics,English,French,Lunch,ComputerScience,4,100000,3,2,1
Student476,Lunch,ComputerScience,English,Physics,French,4,3,100000,2,1
Student477,Physics,ComputerScience,French,English,Lunch,4,3,2,100000,1
Student478,Physics,Lunch,ComputerScience,English,French,4,3,2,100000,1
Student479,Physics,Lunch,English,French,ComputerScience,4,3,100000,2,1
Student480,Physics,ComputerScience,English,Lunch,French,4,3,100000,2,1
Student481,French,Lunch,Physics,English,ComputerScience,4,3,2,100000,1
Student482,French,ComputerScience,Physics,English,Lunch,4,3,2,100000,1
Student483,Physics,ComputerScience,English,Lunch,French,4,3,100000,2,1
Student484,English,Physics,Lunch,ComputerScience,French,100000,4,3,2,1
Student485,Physics,ComputerScience,Lunch,English,French,4,3,2,100000,1
Student486,ComputerScience,Physics,Lunch,English,French,4,3,2,100000,1
Student487,French,English,Physics,Lunch,ComputerScience,4,100000,3,2,1
Student488,Physics,Lunch,English,ComputerScience,French,4,3,100000,2,1
Student489,French,English,Lunch,ComputerScience,Physics,4,100000,3,2,1
Student490,English,French,ComputerScience,Physics,Lunch,100000,4,3,2,1
Student491,English,Physics,ComputerScience,Lunch,French,100000,4,3,2,1
Student492,Lunch,ComputerScience,English,French,Physics,4,3,100000,2,1
Student493,Physics,Lunch,French,English,ComputerScience,4,3,2,100000,1
Student494,Lunch,French,Physics,English,ComputerScience,4,3,2,100000,1
Student495,Physics,French,Lunch,ComputerScience,English,4,3,2,1,100000
Student496,English,Physics,ComputerScience,Lunch,French,100000,4,3,2,1
Student497,Physics,English,Lunch,ComputerScience,French,4,100000,3,2,1
Student498,English,French,Physics,ComputerScience,Lunch,100000,4,3,2,1
Student499,Physics,French,English,ComputerScience,Lunch,4,3,100000,2,1
Student500,English,French,Lunch,Physics,ComputerScience,100000,4,3,2,1
Student501,English,Physics,ComputerScience,French,Lunch,100000,4,3,2,1
Student502,Physics,ComputerScience,French,Lunch,English,4,3,2,1,100000
Student503,Lunch,Physics,English,French,ComputerScience,4,3,100000,2,1
Student504,English,ComputerScience,Physics,French,Lunch,100000,4,3,2,1
Student505,Physics,English,ComputerScience,French,Lunch,4,100000,3,2,1
Student506,ComputerScience,Physics,French,Lunch,English,4,3,2,1,100000
Student507,French,ComputerScience,English,Lunch,Physics,4,3,100000,2,1
Student508,English,French,Lunch,Physics,ComputerScience,100000,4,3,2,1
Student509,French,Physics,English,ComputerScience,Lunch,4,3,100000,2,1
Student510,ComputerScience,Physics,French,English,Lunch,4,3,2,100000,1
Student511,English,Lunch,French,Physics,ComputerScience,100000,4,3,2,1
Student512,English,Lunch,ComputerScience,Physics,French,100000,4,3,2,1
Student513,ComputerScience,English,Lunch,French,Physics,4,100000,3,2,1
Student514,French,Physics,English,ComputerScience,Lunch,4,3,100000,2,1
Student515,Lunch,ComputerScience,Physics,French,English,4,3,2,1,100000
Student516,French,Physics,ComputerScience,English,Lunch,4,3,2,100000,1
Student517,ComputerScience,English,French,Lunch,Physics,4,100000,3,2,1
Student518,French,Lunch,English,Physics,ComputerScience,4,3,100000,2,1
Student519,ComputerScience,Lunch,English,Physics,French,4,3,100000,2,1
Student520,Physics,Lunch,English,French,ComputerScience,4,3,100000,2,1
Student521,Lunch,ComputerScience,French,Physics,English,4,3,2,1,100000
Student522,French,Physics,English,Lunch,ComputerScience,4,3,100000,2,1
Student523,French,English,Lunch,ComputerScience,Physics,4,100000,3,2,1
Student524,French,Physics,Lunch,ComputerScience,English,4,3,2,1,100000
Student525,Physics,Lunch,English,ComputerScience,French,4,3,100000,2,1
Student526,Physics,Lunch,French,English,ComputerScience,4,3,2,100000,1
Student527,Lunch,ComputerScience,English,French,Physics,4,3,100000,2,1
Student528,English,Lunch,ComputerScience,Physics,French,100000,4,3,2,1
Student529,English,French,ComputerScience,Physics,Lunch,100000,4,3,2,1
Student530,French,Physics,ComputerScience,English,Lunch,4,3,2,100000,1
Student531,Physics,Lunch,ComputerScience,English,French,4,3,2,100000,1
Student532,French,Physics,ComputerScience,English,Lunch,4,3,2,100000,1
Student533,Lunch,English,ComputerScience,Physics,French,4,100000,3,2,1
Student534,Lunch,ComputerScience,English,Physics,French,4,3,100000,2,1
Student535,English,French,Lunch,ComputerScience,Physics,100000,4,3,2,1
Student536,Lunch,English,Physics,French,ComputerScience,4,100000,3,2,1
Student537,Physics,French,ComputerScience,Lunch,English,4,3,2,1,100000
Student538,Physics,ComputerScience,English,Lunch,French,4,3,100000,2,1
Student539,French,English,Lunch,ComputerScience,Physics,4,100000,3,2,1
Student540,ComputerScience,French,Physics,Lunch,English,4,3,2,1,100000
Student541,Lunch,Physics,English,ComputerScience,French,4,3,100000,2,1
Student542,Lunch,ComputerScience,Physics,English,French,4,3,2,100000,1
Student543,English,Physics,French,ComputerScience,Lunch,100000,4,3,2,1
Student544,Lunch,ComputerScience,Physics,English,French,4,3,2,100000,1
Student545,English,Physics,French,ComputerScience,Lunch,100000,4,3,2,1
Student546,English,French,ComputerScience,Physics,Lunch,100000,4,3,2,1
Student547,Physics,ComputerScience,Lunch,English,French,4,3,2,100000,1
Student548,ComputerScience,Lunch,Physics,English,French,4,3,2,100000,1
Student549,Lunch,French,English,Physics,ComputerScience,4,3,100000,2,1
Student550,ComputerScience,Physics,Lunch,French,English,4,3,2,1,100000
Student551,Physics,English,French,Lunch,ComputerScience,4,100000,3,2,1
Student552,Lunch,ComputerScience,English,French,Physics,4,3,100000,2,1
Student553,Lunch,French,ComputerScience,English,Physics,4,3,2,100000,1
Student554,Lunch,English,French,Physics,ComputerScience,4,100000,3,2,1
Student555,Lunch,French,ComputerScience,English,Physics,4,3,2,100000,1
Student556,French,Lunch,Physics,English,ComputerScience,4,3,2,100000,1
Student557,Lunch,French,Physics,ComputerScience,English,4,3,2,1,100000
Student558,ComputerScience,Physics,English,French,Lunch,4,3,100000,2,1
Student559,French,Physics,Lunch,English,ComputerScience,4,3,2,100000,1
Student560,Lunch,ComputerScience,English,French,Physics,4,3,100000,2,1
Student561,Lunch,Physics,French,English,ComputerScience,4,3,2,100000,1
Student562,Lunch,English,French,ComputerScience,Physics,4,100000,3,2,1
Student563,Physics,Lunch,English,ComputerScience,French,4,3,100000,2,1
Student564,ComputerScience,French,Physics,Lunch,English,4,3,2,1,100000
Student565,English,French,Physics,Lunch,ComputerScience,100000,4,3,2,1
Student566,English,ComputerScience,French,Physics,Lunch,100000,4,3,2,1
Student567,Lunch,ComputerScience,Physics,French,English,4,3,2,1,100000
Student568,ComputerScience,Lunch,Physics,French,English,4,3,2,1,100000
Student569,Lunch,French,ComputerScience,Physics,English,4,3,2,1,100000
Student570,Lunch,English,ComputerScience,French,Physics,4,100000,3,2,1
Student571,French,ComputerScience,English,Lunch,Physics,4,3,100000,2,1
Student572,ComputerScience,Physics,French,Lunch,English,4,3,2,1,100000
Student573,Physics,Lunch,French,English,ComputerScience,4,3,2,100000,1
Student574,English,French,Physics,Lunch,ComputerScience,100000,4,3,2,1
Student575,Physics,French,English,Lunch,ComputerScience,4,3,100000,2,1
Student576,Lunch,ComputerScience,French,Physics,English,4,3,2,1,100000
Student577,French,Physics,Lunch,English,ComputerScience,4,3,2,100000,1
Student578,English,French,ComputerScience,Lunch,Physics,100000,4,3,2,1
Student579,English,ComputerScience,Physics,Lunch,French,100000,4,3,2,1
Student580,Physics,French,ComputerScience,Lunch,English,4,3,2,1,100000
Student581,English,French,Lunch,ComputerScience,Physics,100000,4,3,2,1
Student582,Lunch,French,Physics,English,ComputerScience,4,3,2,100000,1
Student583,French,English,Lunch,ComputerScience,Physics,4,100000,3,2,1
Student584,Lunch,Physics,English,French,ComputerScience,4,3,100000,2,1
Student585,ComputerScience,French,Physics,English,Lunch,4,3,2,100000,1
Student586,Lunch,Physics,ComputerScience,French,English,4,3,2,1,100000
Student587,ComputerScience,English,Physics,Lunch,French,4,100000,3,2,1
Student588,French,English,Lunch,ComputerScience,Physics,4,100000,3,2,1
Student589,Lunch,ComputerScience,Physics,French,English,4,3,2,1,100000
Student590,English,Physics,Lunch,French,ComputerScience,100000,4,3,2,1
Student591,English,Physics,Lunch,ComputerScience,French,100000,4,3,2,1
Student592,ComputerScience,English,Lunch,Physics,French,4,100000,3,2,1
Student593,French,Physics,English,ComputerScience,Lunch,4,3,100000,2,1
Student594,Physics,Lunch,English,French,ComputerScience,4,3,100000,2,1
Student595,Physics,Lunch,English,French,ComputerScience,4,3,100000,2,1
Student596,Physics,ComputerScience,Lunch,French,English,4,3,2,1,100000
Student597,English,Physics,ComputerScience,Lunch,French,100000,4,3,2,1
Student598,French,English,Physics,Lunch,ComputerScience,4,100000,3,2,1
Student599,English,Physics,French,Lunch,ComputerScience,100000,4,3,2,1
Student600,Lunch,English,French,Physics,ComputerScience,4,100000,3,2,1
Student601,Physics,Lunch,ComputerScience,French,English,4,3,2,1,100000
Student602,French,ComputerScience,English,Physics,Lunch,4,3,100000,2,1
Student603,Lunch,English,ComputerScience,Physics,French,4,100000,3,2,1
Student604,French,Physics,English,Lunch,ComputerScience,4,3,100000,2,1
Student605,English,ComputerScience,Lunch,Physics,French,100000,4,3,2,1
Student606,French,ComputerScience,Lunch,Physics,English,4,3,2,1,100000
Student607,Lunch,ComputerScience,English,Physics,French,4,3,100000,2,1
Student608,English,ComputerScience,Lunch,Physics,French,100000,4,3,2,1
Student609,French,Lunch,English,ComputerScience,Physics,4,3,100000,2,1
Student610,French,Lunch,Physics,English,ComputerScience,4,3,2,100000,1
Student611,French,Physics,English,ComputerScience,Lunch,4,3,100000,2,1
Student612,Lunch,Physics,ComputerScience,English,French,4,3,2,100000,1
Student613,Physics,English,French,ComputerScience,Lunch,4,100000,3,2,1
Student614,Lunch,French,English,ComputerScience,Physics,4,3,100000,2,1
Student615,French,Physics,ComputerScience,English,Lunch,4,3,2,100000,1
Student616,English,French,Lunch,ComputerScience,Physics,100000,4,3,2,1
Student617,French,Lunch,Physics,ComputerScience,English,4,3,2,1,100000
Student618,Lunch,English,French,Physics,ComputerScience,4,100000,3,2,1
Student619,French,English,Physics,Lunch,ComputerScience,4,100000,3,2,1
Student620,ComputerScience,French,Lunch,English,Physics,4,3,2,100000,1
Student621,Lunch,ComputerScience,English,Physics,French,4,3,100000,2,1
Student622,Lunch,Physics,ComputerScience,French,English,4,3,2,1,100000
Student623,Physics,French,English,ComputerScience,Lunch,4,3,100000,2,1
Student624,Lunch,French,English,ComputerScience,Physics,4,3,100000,2,1
Student625,ComputerScience,French,Physics,English,Lunch,4,3,2,100000,1
Student626,Lunch,ComputerScience,French,English,Physics,4,3,2,100000,1
Student627,Physics,ComputerScience,English,French,Lunch,4,3,100000,2,1
Student628,Physics,English,ComputerScience,French,Lunch,4,100000,3,2,1
Student629,ComputerScience,English,French,Physics,Lunch,4,100000,3,2,1
Student630,Lunch,ComputerScience,French,English,Physics,4,3,2,100000,1
Student631,English,Physics,French,ComputerScience,Lunch,100000,4,3,2,1
Student632,Physics,ComputerScience,Lunch,English,French,4,3,2,100000,1
Student633,Physics,English,ComputerScience,Lunch,French,4,100000,3,2,1
Student634,English,French,ComputerScience,Lunch,Physics,100000,4,3,2,1
Student635,Physics,Lunch,English,French,ComputerScience,4,3,100000,2,1
Student636,English,French,Physics,Lunch,ComputerScience,100000,4,3,2,1
Student637,English,Lunch,French,Physics,ComputerScience,100000,4,3,2,1
Student638,French,Physics,English,ComputerScience,Lunch,4,3,100000,2,1
Student639,English,French,Lunch,ComputerScience,Physics,100000,4,3,2,1
Student640,English,French,Lunch,Physics,ComputerScience,100000,4,3,2,1
Student641,ComputerScience,Physics,English,Lunch,French,4,3,100000,2,1
Student642,French,English,ComputerScience,Physics,Lunch,4,100000,3,2,1
Student643,French,ComputerScience,English,Physics,Lunch,4,3,100000,2,1
Student644,Physics,Lunch,English,French,ComputerScience,4,3,100000,2,1
Student645,English,French,Lunch,ComputerScience,Physics,100000,4,3,2,1
Student646,French,Lunch,ComputerScience,Physics,English,4,3,2,1,100000
Student647,Lunch,English,French,ComputerScience,Physics,4,100000,3,2,1
Student648,Physics,English,ComputerScience,French,Lunch,4,100000,3,2,1
Student649,English,Lunch,Physics,French,ComputerScience,100000,4,3,2,1
Student650,English,Physics,ComputerScience,Lunch,French,100000,4,3,2,1
Student651,French,Physics,ComputerScience,Lunch,English,4,3,2,1,100000
Student652,English,French,ComputerScience,Physics,Lunch,100000,4,3,2,1
Student653,English,ComputerScience,French,Lunch,Physics,100000,4,3,2,1
Student654,French,ComputerScience,Physics,Lunch,English,4,3,2,1,100000
Student655,English,Physics,Lunch,French,ComputerScience,100000,4,3,2,1
Student656,Physics,Lunch,English,French,ComputerScience,4,3,100000,2,1
Student657,English,Physics,ComputerScience,Lunch,French,100000,4,3,2,1
Student658,Lunch,English,French,Physics,ComputerScience,4,100000,3,2,1
Student659,French,ComputerScience,English,Physics,Lunch,4,3,100000,2,1
Student660,Physics,French,ComputerScience,Lunch,English,4,3,2,1,100000
Student661,ComputerScience,French,Physics,Lunch,English,4,3,2,1,100000
Student662,Physics,Lunch,French,ComputerScience,English,4,3,2,1,100000
Student663,English,ComputerScience,French,Physics,Lunch,100000,4,3,2,1
Student664,Lunch,ComputerScience,French,Physics,English,4,3,2,1,100000
Student665,English,ComputerScience,French,Physics,Lunch,100000,4,3,2,1
Student666,French,Physics,English,Lunch,ComputerScience,4,3,100000,2,1
Student667,Physics,French,English,ComputerScience,Lunch,4,3,100000,2,1
Student668,English,Physics,French,Lunch,ComputerScience,100000,4,3,2,1
Student669,ComputerScience,French,Physics,English,Lunch,4,3,2,100000,1
Student670,Lunch,English,French,Physics,ComputerScience,4,100000,3,2,1
Student671,French,ComputerScience,Lunch,English,Physics,4,3,2,100000,1
Student672,ComputerScience,Lunch,English,French,Physics,4,3,100000,2,1
Student673,Lunch,ComputerScience,English,French,Physics,4,3,100000,2,1
Student674,English,Physics,ComputerScience,French,Lunch,100000,4,3,2,1
Student675,ComputerScience,French,Physics,English,Lunch,4,3,2,100000,1
Student676,English,ComputerScience,Lunch,Physics,French,100000,4,3,2,1
Student677,Physics,Lunch,ComputerScience,French,English,4,3,2,1,100000
Student678,French,Physics,Lunch,English,ComputerScience,4,3,2,100000,1
Student679,English,Lunch,French,ComputerScience,Physics,100000,4,3,2,1
Student680,Physics,Lunch,English,French,ComputerScience,4,3,100000,2,1
Student681,ComputerScience,Lunch,Physics,English,French,4,3,2,100000,1
Student682,Lunch,Physics,ComputerScience,English,French,4,3,2,100000,1
Student683,French,Lunch,English,ComputerScience,Physics,4,3,100000,2,1
Student684,Lunch,English,French,ComputerScience,Physics,4,100000,3,2,1
Student685,Physics,French,English,ComputerScience,Lunch,4,3,100000,2,1
Student686,ComputerScience,French,English,Lunch,Physics,4,3,100000,2,1
Student687,Physics,Lunch,ComputerScience,English,French,4,3,2,100000,1
Student688,French,English,Lunch,ComputerScience,Physics,4,100000,3,2,1
Student689,Physics,ComputerScience,English,Lunch,French,4,3,100000,2,1
Student690,Physics,French,ComputerScience,English,Lunch,4,3,2,100000,1
Student691,Lunch,ComputerScience,English,French,Physics,4,3,100000,2,1
Student692,French,English,Physics,ComputerScience,Lunch,4,100000,3,2,1
Student693,Lunch,Physics,ComputerScience,French,English,4,3,2,1,100000
Student694,ComputerScience,Physics,French,Lunch,English,4,3,2,1,100000
Student695,French,English,Physics,ComputerScience,Lunch,4,100000,3,2,1
Student696,Physics,English,Lunch,French,ComputerScience,4,100000,3,2,1
Student697,English,ComputerScience,Lunch,French,Physics,100000,4,3,2,1
Student698,Lunch,French,English,Physics,ComputerScience,4,3,100000,2,1
Student699,French,Physics,English,Lunch,ComputerScience,4,3,100000,2,1
Student700,ComputerScience,French,Lunch,Physics,English,4,3,2,1,100000
Student701,English,ComputerScience,French,Lunch,Physics,100000,4,3,2,1
Student702,ComputerScience,Physics,English,Lunch,French,4,3,100000,2,1
Student703,English,French,ComputerScience,Physics,Lunch,100000,4,3,2,1
Student704,English,ComputerScience,Physics,French,Lunch,100000,4,3,2,1
Student705,ComputerScience,Lunch,Physics,French,English,4,3,2,1,100000
Student706,Physics,English,ComputerScience,French,Lunch,4,100000,3,2,1
Student707,Lunch,ComputerScience,French,English,Physics,4,3,2,100000,1
Student708,English,French,Lunch,ComputerScience,Physics,100000,4,3,2,1
Student709,French,English,ComputerScience,Lunch,Physics,4,100000,3,2,1
Student710,English,ComputerScience,Lunch,Physics,French,100000,4,3,2,1
Student711,English,ComputerScience,Physics,French,Lunch,100000,4,3,2,1
Student712,French,Lunch,ComputerScience,Physics,English,4,3,2,1,100000
Student713,French,English,Lunch,ComputerScience,Physics,4,100000,3,2,1
Student714,Lunch,English,ComputerScience,Physics,French,4,100000,3,2,1
Student715,ComputerScience,French,Lunch,Physics,English,4,3,2,1,100000
Student716,English,ComputerScience,Physics,Lunch,French,100000,4,3,2,1
Student717,ComputerScience,Physics,French,English,Lunch,4,3,2,100000,1
Student718,ComputerScience,English,Physics,Lunch,French,4,100000,3,2,1
Student719,French,ComputerScience,English,Lunch,Physics,4,3,100000,2,1
Student720,English,French,ComputerScience,Lunch,Physics,100000,4,3,2,1
Student721,Lunch,French,English,ComputerScience,Physics,4,3,100000,2,1
Student722,ComputerScience,English,Lunch,Physics,French,4,100000,3,2,1
Student723,Lunch,English,Physics,ComputerScience,French,4,100000,3,2,1
Student724,French,Physics,ComputerScience,English,Lunch,4,3,2,100000,1
Student725,French,Lunch,English,Physics,ComputerScience,4,3,100000,2,1
Student726,ComputerScience,French,Lunch,English,Physics,4,3,2,100000,1
Student727,English,ComputerScience,Lunch,Physics,French,100000,4,3,2,1
Student728,ComputerScience,Lunch,English,Physics,French,4,3,100000,2,1
Student729,English,ComputerScience,Lunch,French,Physics,100000,4,3,2,1
Student730,English,Physics,ComputerScience,French,Lunch,100000,4,3,2,1
Student731,English,Physics,Lunch,ComputerScience,French,100000,4,3,2,1
Student732,Physics,ComputerScience,French,English,Lunch,4,3,2,100000,1
Student733,French,Physics,Lunch,ComputerScience,English,4,3,2,1,100000
Student734,Lunch,French,English,ComputerScience,Physics,4,3,100000,2,1
Student735,English,Physics,French,Lunch,ComputerScience,100000,4,3,2,1
Student736,English,ComputerScience,French,Lunch,Physics,100000,4,3,2,1
Student737,ComputerScience,Physics,French,Lunch,English,4,3,2,1,100000
Student738,ComputerScience,Physics,English,French,Lunch,4,3,100000,2,1
Student739,Lunch,ComputerScience,English,French,Physics,4,3,100000,2,1
Student740,Physics,French,ComputerScience,English,Lunch,4,3,2,100000,1
Student741,Physics,ComputerScience,English,French,Lunch,4,3,100000,2,1
Student742,Lunch,English,French,ComputerScience,Physics,4,100000,3,2,1
Student743,English,Physics,French,Lunch,ComputerScience,100000,4,3,2,1
Student744,Physics,French,English,ComputerScience,Lunch,4,3,100000,2,1
Student745,Lunch,English,ComputerScience,Physics,French,4,100000,3,2,1
Student746,Physics,French,ComputerScience,English,Lunch,4,3,2,100000,1
Student747,ComputerScience,Lunch,Physics,French,English,4,3,2,1,100000
Student748,Physics,English,French,Lunch,ComputerScience,4,100000,3,2,1
Student749,Physics,Lunch,ComputerScience,English,French,4,3,2,100000,1
Student750,Physics,French,Lunch,English,ComputerScience,4,3,2,100000,1
Student751,Physics,French,Lunch,ComputerScience,English,4,3,2,1,100000
Student752,ComputerScience,English,Physics,French,Lunch,4,100000,3,2,1
Student753,Physics,Lunch,ComputerScience,English,French,4,3,2,100000,1
Student754,ComputerScience,English,French,Physics,Lunch,4,100000,3,2,1
Student755,French,Physics,Lunch,ComputerScience,English,4,3,2,1,100000
Student756,French,ComputerScience,English,Physics,Lunch,4,3,100000,2,1
Student757,English,French,Lunch,Physics,ComputerScience,100000,4,3,2,1
Student758,French,ComputerScience,English,Physics,Lunch,4,3,100000,2,1
Student759,English,Lunch,ComputerScience,Physics,French,100000,4,3,2,1
Student760,Lunch,English,French,Physics,ComputerScience,4,100000,3,2,1
Student761,English,ComputerScience,French,Physics,Lunch,100000,4,3,2,1
Student762,ComputerScience,French,Lunch,Physics,English,4,3,2,1,100000
Student763,English,ComputerScience,French,Lunch,Physics,100000,4,3,2,1
Student764,French,ComputerScience,Physics,English,Lunch,4,3,2,100000,1
Student765,Physics,French,English,Lunch,ComputerScience,4,3,100000,2,1
Student766,French,Physics,Lunch,English,ComputerScience,4,3,2,100000,1
Student767,Lunch,English,Physics,French,ComputerScience,4,100000,3,2,1
Student768,Lunch,French,ComputerScience,English,Physics,4,3,2,100000,1
Student769,ComputerScience,Lunch,French,Physics,English,4,3,2,1,100000
Student770,English,French,ComputerScience,Lunch,Physics,100000,4,3,2,1
Student771,ComputerScience,Lunch,Physics,English,French,4,3,2,100000,1
Student772,Lunch,French,English,ComputerScience,Physics,4,3,100000,2,1
Student773,ComputerScience,Lunch,French,Physics,English,4,3,2,1,100000
Student774,French,English,Physics,ComputerScience,Lunch,4,100000,3,2,1
Student775,ComputerScience,French,Lunch,Physics,English,4,3,2,1,100000
Student776,English,Lunch,French,Physics,ComputerScience,100000,4,3,2,1
Student777,English,Lunch,French,Physics,ComputerScience,100000,4,3,2,1
Student778,ComputerScience,French,Physics,English,Lunch,4,3,2,100000,1
Student779,Physics,English,French,ComputerScience,Lunch,4,100000,3,2,1
Student780,ComputerScience,Physics,French,English,Lunch,4,3,2,100000,1
Student781,Lunch,English,ComputerScience,French,Physics,4,100000,3,2,1
Student782,ComputerScience,Physics,Lunch,French,English,4,3,2,1,100000
Student783,French,English,Physics,ComputerScience,Lunch,4,100000,3,2,1
Student784,English,French,ComputerScience,Physics,Lunch,100000,4,3,2,1
Student785,Lunch,English,ComputerScience,Physics,French,4,100000,3,2,1
Student786,ComputerScience,English,Lunch,French,Physics,4,100000,3,2,1
Student787,Lunch,English,Physics,French,ComputerScience,4,100000,3,2,1
Student788,Physics,French,English,Lunch,ComputerScience,4,3,100000,2,1
Student789,Physics,English,ComputerScience,Lunch,French,4,100000,3,2,1
Student790,Physics,Lunch,ComputerScience,French,English,4,3,2,1,100000
Student791,Lunch,English,French,Physics,ComputerScience,4,100000,3,2,1
Student792,ComputerScience,English,French,Physics,Lunch,4,100000,3,2,1
Student793,ComputerScience,French,Lunch,English,Physics,4,3,2,100000,1
Student794,Physics,ComputerScience,French,English,Lunch,4,3,2,100000,1
Student795,Physics,ComputerScience,Lunch,French,English,4,3,2,1,100000
Student796,French,English,Physics,ComputerScience,Lunch,4,100000,3,2,1
Student797,ComputerScience,French,English,Lunch,Physics,4,3,100000,2,1
Student798,ComputerScience,English,Physics,French,Lunch,4,100000,3,2,1
Student799,Lunch,French,English,Physics,ComputerScience,4,3,100000,2,1
Student800,ComputerScience,Physics,French,Lunch,English,4,3,2,1,100000
Student801,ComputerScience,Lunch,English,French,Physics,4,3,100000,2,1
Student802,English,Physics,Lunch,French,ComputerScience,100000,4,3,2,1
Student803,French,Physics,ComputerScience,Lunch,English,4,3,2,1,100000
Student804,Lunch,French,Physics,ComputerScience,English,4,3,2,1,100000
Student805,ComputerScience,French,Lunch,Physics,English,4,3,2,1,100000
Student806,French,English,Lunch,ComputerScience,Physics,4,100000,3,2,1
Student807,English,Physics,French,ComputerScience,Lunch,100000,4,3,2,1
Student808,Physics,English,Lunch,ComputerScience,French,4,100000,3,2,1
Student809,Physics,French,Lunch,ComputerScience,English,4,3,2,1,100000
Student810,Lunch,English,French,Physics,ComputerScience,4,100000,3,2,1
Student811,ComputerScience,English,Physics,Lunch,French,4,100000,3,2,1
Student812,French,Lunch,English,ComputerScience,Physics,4,3,100000,2,1
Student813,Lunch,Physics,ComputerScience,English,French,4,3,2,100000,1
Student814,Physics,French,Lunch,English,ComputerScience,4,3,2,100000,1
Student815,Lunch,English,French,Physics,ComputerScience,4,100000,3,2,1
Student816,French,Physics,Lunch,ComputerScience,English,4,3,2,1,100000
Student817,English,Physics,French,Lunch,ComputerScience,100000,4,3,2,1
Student818,Physics,ComputerScience,English,Lunch,French,4,3,100000,2,1
Student819,Physics,ComputerScience,Lunch,French,English,4,3,2,1,100000
Student820,ComputerScience,English,Physics,French,Lunch,4,100000,3,2,1
Student821,ComputerScience,Physics,English,French,Lunch,4,3,100000,2,1
Student822,French,Physics,English,Lunch,ComputerScience,4,3,100000,2,1
Student823,English,ComputerScience,French,Physics,Lunch,100000,4,3,2,1
Student824,English,ComputerScience,French,Lunch,Physics,100000,4,3,2,1
Student825,Lunch,Physics,ComputerScience,English,French,4,3,2,100000,1
Student826,English,ComputerScience,French,Lunch,Physics,100000,4,3,2,1
Student827,ComputerScience,French,Lunch,Physics,English,4,3,2,1,100000
Student828,Lunch,English,ComputerScience,Physics,French,4,100000,3,2,1
Student829,Lunch,English,Physics,French,ComputerScience,4,100000,3,2,1
Student830,English,Physics,Lunch,French,ComputerScience,100000,4,3,2,1
Student831,French,English,ComputerScience,Physics,Lunch,4,100000,3,2,1
Student832,Lunch,ComputerScience,French,English,Physics,4,3,2,100000,1
Student833,French,English,Physics,ComputerScience,Lunch,4,100000,3,2,1
Student834,French,Physics,Lunch,English,ComputerScience,4,3,2,100000,1
Student835,English,Lunch,Physics,ComputerScience,French,100000,4,3,2,1
Student836,English,French,Lunch,Physics,ComputerScience,100000,4,3,2,1
Student837,ComputerScience,Lunch,French,English,Physics,4,3,2,100000,1
Student838,French,English,ComputerScience,Lunch,Physics,4,100000,3,2,1
Student839,Lunch,Physics,English,ComputerScience,French,4,3,100000,2,1
Student840,ComputerScience,Physics,English,Lunch,French,4,3,100000,2,1
Student841,English,ComputerScience,Physics,French,Lunch,100000,4,3,2,1
Student842,Physics,Lunch,English,French,ComputerScience,4,3,100000,2,1
Student843,Lunch,French,ComputerScience,Physics,English,4,3,2,1,100000
Student844,Lunch,Physics,ComputerScience,French,English,4,3,2,1,100000
Student845,Physics,English,French,Lunch,ComputerScience,4,100000,3,2,1
Student846,Physics,ComputerScience,English,Lunch,French,4,3,100000,2,1
Student847,Lunch,French,Physics,English,ComputerScience,4,3,2,100000,1
Student848,ComputerScience,English,Physics,Lunch,French,4,100000,3,2,1
Student849,Physics,French,ComputerScience,Lunch,English,4,3,2,1,100000
Student850,Physics,English,ComputerScience,Lunch,French,4,100000,3,2,1
Student851,Physics,Lunch,ComputerScience,French,English,4,3,2,1,100000
Student852,French,English,Physics,Lunch,ComputerScience,4,100000,3,2,1
Student853,Physics,Lunch,English,ComputerScience,French,4,3,100000,2,1
Student854,English,French,ComputerScience,Physics,Lunch,100000,4,3,2,1
Student855,ComputerScience,French,Lunch,Physics,English,4,3,2,1,100000
Student856,Lunch,Physics,English,French,ComputerScience,4,3,100000,2,1
Student857,Lunch,French,Physics,English,ComputerScience,4,3,2,100000,1
Student858,English,ComputerScience,Lunch,French,Physics,100000,4,3,2,1
Student859,English,Physics,French,ComputerScience,Lunch,100000,4,3,2,1
Student860,French,Lunch,English,Physics,ComputerScience,4,3,100000,2,1
Student861,French,Lunch,Physics,ComputerScience,English,4,3,2,1,100000
Student862,English,Physics,French,Lunch,ComputerScience,100000,4,3,2,1
Student863,French,Lunch,English,ComputerScience,Physics,4,3,100000,2,1
Student864,Lunch,Physics,French,ComputerScience,English,4,3,2,1,100000
Student865,ComputerScience,English,Physics,French,Lunch,4,100000,3,2,1
Student866,French,English,ComputerScience,Physics,Lunch,4,100000,3,2,1
Student867,French,Lunch,Physics,English,ComputerScience,4,3,2,100000,1
Student868,French,ComputerScience,English,Lunch,Physics,4,3,100000,2,1
Student869,English,French,Physics,Lunch,ComputerScience,100000,4,3,2,1
Student870,English,Lunch,ComputerScience,Physics,French,100000,4,3,2,1
Student871,Lunch,Physics,French,ComputerScience,English,4,3,2,1,100000
Student872,Lunch,English,Physics,ComputerScience,French,4,100000,3,2,1
Student873,Lunch,ComputerScience,English,French,Physics,4,3,100000,2,1
Student874,English,French,Lunch,Physics,ComputerScience,100000,4,3,2,1
Student875,English,ComputerScience,French,Lunch,Physics,100000,4,3,2,1
Student876,French,ComputerScience,English,Physics,Lunch,4,3,100000,2,1
Student877,Physics,Lunch,English,French,ComputerScience,4,3,100000,2,1
Student878,Physics,English,French,ComputerScience,Lunch,4,100000,3,2,1
Student879,French,English,Lunch,Physics,ComputerScience,4,100000,3,2,1
Student880,French,Lunch,Physics,ComputerScience,English,4,3,2,1,100000
Student881,Physics,French,ComputerScience,English,Lunch,4,3,2,100000,1
Student882,English,ComputerScience,Lunch,Physics,French,100000,4,3,2,1
Student883,ComputerScience,Lunch,English,Physics,French,4,3,100000,2,1
Student884,French,Lunch,English,ComputerScience,Physics,4,3,100000,2,1
Student885,ComputerScience,Lunch,Physics,English,French,4,3,2,100000,1
Student886,English,ComputerScience,French,Lunch,Physics,100000,4,3,2,1
Student887,Lunch,Physics,ComputerScience,French,English,4,3,2,1,100000
Student888,ComputerScience,French,Physics,Lunch,English,4,3,2,1,100000
Student889,Lunch,ComputerScience,English,Physics,French,4,3,100000,2,1
Student890,Lunch,French,Physics,English,ComputerScience,4,3,2,100000,1
Student891,Physics,Lunch,English,ComputerScience,French,4,3,100000,2,1
Student892,Lunch,ComputerScience,Physics,French,English,4,3,2,1,100000
Student893,English,Lunch,ComputerScience,French,Physics,100000,4,3,2,1
Student894,French,ComputerScience,Physics,English,Lunch,4,3,2,100000,1
Student895,English,French,Lunch,Physics,ComputerScience,100000,4,3,2,1
Student896,Lunch,English,ComputerScience,French,Physics,4,100000,3,2,1
Student897,Lunch,ComputerScience,French,English,Physics,4,3,2,100000,1
Student898,Lunch,French,ComputerScience,Physics,English,4,3,2,1,100000
Student899,ComputerScience,Lunch,English,French,Physics,4,3,100000,2,1
Student900,Lunch,Physics,French,ComputerScience,English,4,3,2,1,100000
Student901,Lunch,Physics,English,ComputerScience,French,4,3,100000,2,1
Student902,English,Physics,ComputerScience,French,Lunch,100000,4,3,2,1
Student903,English,Physics,French,Lunch,ComputerScience,100000,4,3,2,1
Student904,French,English,Physics,Lunch,ComputerScience,4,100000,3,2,1
Student905,English,ComputerScience,French,Lunch,Physics,100000,4,3,2,1
Student906,English,ComputerScience,Physics,French,Lunch,100000,4,3,2,1
Student907,Lunch,English,French,Physics,ComputerScience,4,100000,3,2,1
Student908,Physics,English,ComputerScience,French,Lunch,4,100000,3,2,1
Student909,ComputerScience,French,English,Physics,Lunch,4,3,100000,2,1
Student910,ComputerScience,Physics,English,French,Lunch,4,3,100000,2,1
Student911,Lunch,Physics,French,ComputerScience,English,4,3,2,1,100000
Student912,ComputerScience,Physics,French,English,Lunch,4,3,2,100000,1
Student913,Lunch,English,Physics,French,ComputerScience,4,100000,3,2,1
Student914,Lunch,Physics,French,ComputerScience,English,4,3,2,1,100000
Student915,Physics,ComputerScience,French,Lunch,English,4,3,2,1,100000
Student916,English,Physics,ComputerScience,French,Lunch,100000,4,3,2,1
Student917,ComputerScience,Lunch,Physics,English,French,4,3,2,100000,1
Student918,English,Physics,ComputerScience,Lunch,French,100000,4,3,2,1
Student919,Physics,English,French,Lunch,ComputerScience,4,100000,3,2,1
Student920,French,Physics,English,ComputerScience,Lunch,4,3,100000,2,1
Student921,French,Physics,ComputerScience,Lunch,English,4,3,2,1,100000
Student922,ComputerScience,English,Physics,Lunch,French,4,100000,3,2,1
Student923,Lunch,English,ComputerScience,French,Physics,4,100000,3,2,1
Student924,ComputerScience,English,French,Lunch,Physics,4,100000,3,2,1
Student925,French,ComputerScience,Physics,English,Lunch,4,3,2,100000,1
Student926,English,Lunch,ComputerScience,Physics,French,100000,4,3,2,1
Student927,French,Physics,ComputerScience,English,Lunch,4,3,2,100000,1
Student928,ComputerScience,Physics,Lunch,French,English,4,3,2,1,100000
Student929,Physics,ComputerScience,French,Lunch,English,4,3,2,1,100000
Student930,English,Physics,ComputerScience,Lunch,French,100000,4,3,2,1
Student931,ComputerScience,French,Lunch,English,Physics,4,3,2,100000,1
Student932,French,Lunch,English,Physics,ComputerScience,4,3,100000,2,1
Student933,ComputerScience,French,English,Lunch,Physics,4,3,100000,2,1
Student934,French,Physics,Lunch,English,ComputerScience,4,3,2,100000,1
Student935,Lunch,French,ComputerScience,Physics,English,4,3,2,1,100000
Student936,English,Lunch,French,ComputerScience,Physics,100000,4,3,2,1
Student937,Lunch,English,French,ComputerScience,Physics,4,100000,3,2,1
Student938,English,ComputerScience,French,Lunch,Physics,100000,4,3,2,1
Student939,Lunch,French,English,Physics,ComputerScience,4,3,100000,2,1
Student940,Lunch,English,Physics,ComputerScience,French,4,100000,3,2,1
Student941,Lunch,French,English,ComputerScience,Physics,4,3,100000,2,1
Student942,Physics,ComputerScience,French,English,Lunch,4,3,2,100000,1
Student943,Lunch,French,English,ComputerScience,Physics,4,3,100000,2,1
Student944,ComputerScience,French,Physics,Lunch,English,4,3,2,1,100000
Student945,English,French,ComputerScience,Physics,Lunch,100000,4,3,2,1
Student946,English,French,ComputerScience,Physics,Lunch,100000,4,3,2,1
Student947,Lunch,English,Physics,ComputerScience,French,4,100000,3,2,1
Student948,French,Physics,English,Lunch,ComputerScience,4,3,100000,2,1
Student949,French,Lunch,ComputerScience,Physics,English,4,3,2,1,100000
Student950,English,Physics,Lunch,French,ComputerScience,100000,4,3,2,1
Student951,French,English,ComputerScience,Physics,Lunch,4,100000,3,2,1
Student952,English,Lunch,Physics,ComputerScience,French,100000,4,3,2,1
Student953,English,Physics,French,ComputerScience,Lunch,100000,4,3,2,1
Student954,Physics,Lunch,English,ComputerScience,French,4,3,100000,2,1
Student955,Physics,English,Lunch,ComputerScience,French,4,100000,3,2,1
Student956,Physics,French,ComputerScience,English,Lunch,4,3,2,100000,1
Student957,English,Lunch,French,ComputerScience,Physics,100000,4,3,2,1
Student958,Lunch,French,English,ComputerScience,Physics,4,3,100000,2,1
Student959,Lunch,Physics,English,French,ComputerScience,4,3,100000,2,1
Student960,English,French,ComputerScience,Physics,Lunch,100000,4,3,2,1
Student961,English,Lunch,ComputerScience,Physics,French,100000,4,3,2,1
Student962,English,Lunch,ComputerScience,Physics,French,100000,4,3,2,1
Student963,English,ComputerScience,Physics,French,Lunch,100000,4,3,2,1
Student964,English,French,ComputerScience,Lunch,Physics,100000,4,3,2,1
Student965,Physics,Lunch,English,ComputerScience,French,4,3,100000,2,1
Student966,Lunch,Physics,French,ComputerScience,English,4,3,2,1,100000
Student967,Physics,French,English,Lunch,ComputerScience,4,3,100000,2,1
Student968,Lunch,English,Physics,French,ComputerScience,4,100000,3,2,1
Student969,English,French,ComputerScience,Lunch,Physics,100000,4,3,2,1
Student970,Physics,French,Lunch,ComputerScience,English,4,3,2,1,100000
Student971,Lunch,ComputerScience,English,French,Physics,4,3,100000,2,1
Student972,Lunch,Physics,English,French,ComputerScience,4,3,100000,2,1
Student973,ComputerScience,French,Physics,English,Lunch,4,3,2,100000,1
Student974,Lunch,ComputerScience,French,Physics,English,4,3,2,1,100000
Student975,Lunch,ComputerScience,Physics,French,English,4,3,2,1,100000
Student976,Physics,French,Lunch,English,ComputerScience,4,3,2,100000,1
Student977,Lunch,Physics,English,French,ComputerScience,4,3,100000,2,1
Student978,ComputerScience,Physics,English,Lunch,French,4,3,100000,2,1
Student979,English,ComputerScience,French,Physics,Lunch,100000,4,3,2,1
Student980,French,Physics,English,ComputerScience,Lunch,4,3,100000,2,1
Student981,English,Lunch,ComputerScience,French,Physics,100000,4,3,2,1
Student982,English,French,Lunch,Physics,ComputerScience,100000,4,3,2,1
Student983,French,ComputerScience,English,Lunch,Physics,4,3,100000,2,1
Student984,Lunch,French,ComputerScience,English,Physics,4,3,2,100000,1
Student985,English,French,ComputerScience,Lunch,Physics,100000,4,3,2,1
Student986,Lunch,Physics,English,French,ComputerScience,4,3,100000,2,1
Student987,ComputerScience,English,Physics,French,Lunch,4,100000,3,2,1
Student988,French,English,Lunch,Physics,ComputerScience,4,100000,3,2,1
Student989,Physics,English,Lunch,ComputerScience,French,4,100000,3,2,1
Student990,English,Lunch,Physics,ComputerScience,French,100000,4,3,2,1
Student991,ComputerScience,French,Physics,English,Lunch,4,3,2,100000,1
Student992,ComputerScience,Physics,English,Lunch,French,4,3,100000,2,1
Student993,Physics,ComputerScience,French,English,Lunch,4,3,2,100000,1
Student994,Lunch,English,Physics,French,ComputerScience,4,100000,3,2,1
Student995,ComputerScience,Physics,French,English,Lunch,4,3,2,100000,1
Student996,English,Physics,Lunch,ComputerScience,French,100000,4,3,2,1
Student997,English,Lunch,French,Physics,ComputerScience,100000,4,3,2,1
Student998,Physics,English,ComputerScience,French,Lunch,4,100000,3,2,1
Student999,Physics,ComputerScience,French,Lunch,English,4,3,2,1,100000
Student1000,French,English,Physics,ComputerScience,Lunch,4,100000,3,2,1
